0.000000000000000000e+00;-0.000000000000000000e+00;-0.000000000000000000e+00;2.000000000000000000e+00
9.999999747378751636e-05;2.000000094994902611e-03;-0.000000000000000000e+00;2.000000000000000000e+00
1.999999949475750327e-04;4.000000189989805222e-03;-4.016362875699996948e-02;2.000000000000000000e+00
3.499999875202775002e-04;7.000000216066837311e-03;-9.987296909093856812e-02;2.000000000000000000e+00
5.750000127591192722e-04;1.150000002235174179e-02;-1.641364246606826782e-01;2.000000000000000000e+00
9.125000215135514736e-04;1.824999973177909851e-02;-2.517581284046173096e-01;2.000000000000000000e+00
1.418750034645199776e-03;2.837499976158142090e-02;-4.159055352210998535e-01;2.000000000000000000e+00
2.178125083446502686e-03;4.356250166893005371e-02;-6.621183753013610840e-01;2.000000000000000000e+00
3.317187540233135223e-03;6.634374707937240601e-02;-1.031419277191162109e+00;2.000000000000000000e+00
5.025781225413084030e-03;1.005156263709068298e-01;-1.585330486297607422e+00;2.000000000000000000e+00
7.588671986013650894e-03;1.517734378576278687e-01;-2.416109561920166016e+00;2.000000000000000000e+00
1.143300812691450119e-02;2.286601513624191284e-01;-3.662088394165039062e+00;2.000000000000000000e+00
1.719951257109642029e-02;3.439902365207672119e-01;-5.530660629272460938e+00;2.000000000000000000e+00
2.584926784038543701e-02;5.169853568077087402e-01;-8.332855224609375000e+00;2.000000000000000000e+00
3.584926575422286987e-02;7.169853448867797852e-01;-1.157163810729980469e+01;2.000000000000000000e+00
4.584926739335060120e-02;9.169853329658508301e-01;-1.480985164642333984e+01;2.000000000000000000e+00
5.584926903247833252e-02;1.116985321044921875e+00;-1.804784202575683594e+01;2.000000000000000000e+00
6.584926694631576538e-02;1.316985368728637695e+00;-2.128594398498535156e+01;2.000000000000000000e+00
7.584926486015319824e-02;1.516985297203063965e+00;-2.452449798583984375e+01;2.000000000000000000e+00
8.584927022457122803e-02;1.716985344886779785e+00;-2.776383781433105469e+01;2.000000000000000000e+00
9.584926813840866089e-02;1.916985392570495605e+00;-3.100430107116699219e+01;2.000000000000000000e+00
1.058492660522460938e-01;2.116985321044921875e+00;-3.424622726440429688e+01;2.000000000000000000e+00
1.158492639660835266e-01;2.316985368728637695e+00;-3.748994827270507812e+01;2.000000000000000000e+00
1.258492618799209595e-01;2.516985416412353516e+00;-4.073580932617187500e+01;2.000000000000000000e+00
1.358492672443389893e-01;2.716985464096069336e+00;-4.398414611816406250e+01;2.000000000000000000e+00
1.458492726087570190e-01;2.916985273361206055e+00;-4.723529815673828125e+01;2.000000000000000000e+00
1.558492630720138550e-01;3.116985321044921875e+00;-5.048960494995117188e+01;2.000000000000000000e+00
1.658492684364318848e-01;3.316985368728637695e+00;-5.374740982055664062e+01;2.000000000000000000e+00
1.758492738008499146e-01;3.516985416412353516e+00;-5.701013565063476562e+01;2.000000000000000000e+00
1.858492642641067505e-01;3.716985464096069336e+00;-6.027605056762695312e+01;2.000000000000000000e+00
1.958492696285247803e-01;3.916985273361206055e+00;-6.354523468017578125e+01;2.000000000000000000e+00
2.058492749929428101e-01;4.116985321044921875e+00;-6.682196807861328125e+01;2.000000000000000000e+00
2.158492654561996460e-01;4.316985130310058594e+00;-7.010250854492187500e+01;2.000000000000000000e+00
2.258492708206176758e-01;4.516985416412353516e+00;-7.338700103759765625e+01;2.000000000000000000e+00
2.358492612838745117e-01;4.716985225677490234e+00;-7.668076324462890625e+01;2.000000000000000000e+00
2.458492666482925415e-01;4.916985511779785156e+00;-7.997911834716796875e+01;2.000000000000000000e+00
2.558492720127105713e-01;5.116985321044921875e+00;-8.328206634521484375e+01;2.000000000000000000e+00
2.658492624759674072e-01;5.316985130310058594e+00;-8.659601593017578125e+01;2.000000000000000000e+00
2.758492529392242432e-01;5.516985416412353516e+00;-8.991545867919921875e+01;2.000000000000000000e+00
2.858492732048034668e-01;5.716985225677490234e+00;-9.324013519287109375e+01;2.000000000000000000e+00
2.958492636680603027e-01;5.916985511779785156e+00;-9.657754516601562500e+01;2.000000000000000000e+00
3.058492541313171387e-01;6.116985321044921875e+00;-9.992129516601562500e+01;2.000000000000000000e+00
3.158492743968963623e-01;6.316985130310058594e+00;-1.032710113525390625e+02;2.000000000000000000e+00
3.258492648601531982e-01;6.516985416412353516e+00;-1.066323699951171875e+02;2.000000000000000000e+00
3.358492553234100342e-01;6.716985225677490234e+00;-1.099940338134765625e+02;2.000000000000000000e+00
3.458492755889892578e-01;6.916985511779785156e+00;-1.133552932739257812e+02;2.000000000000000000e+00
3.558492660522460938e-01;7.116985321044921875e+00;-1.167084808349609375e+02;2.000000000000000000e+00
3.658492565155029297e-01;7.316985130310058594e+00;-1.200511550903320312e+02;2.000000000000000000e+00
3.758492767810821533e-01;7.516985416412353516e+00;-1.233625411987304688e+02;2.000000000000000000e+00
3.858492672443389893e-01;7.716985225677490234e+00;-1.266371917724609375e+02;2.000000000000000000e+00
3.958492577075958252e-01;7.916985511779785156e+00;-1.298664703369140625e+02;2.000000000000000000e+00
4.058492779731750488e-01;8.116985321044921875e+00;-1.330285339355468750e+02;2.000000000000000000e+00
4.158492684364318848e-01;8.316985130310058594e+00;-1.361163024902343750e+02;2.000000000000000000e+00
4.258492588996887207e-01;8.516984939575195312e+00;-1.391390380859375000e+02;2.000000000000000000e+00
4.358492791652679443e-01;8.716985702514648438e+00;-1.420993194580078125e+02;2.000000000000000000e+00
4.458492696285247803e-01;8.916985511779785156e+00;-1.449926910400390625e+02;2.000000000000000000e+00
4.558492600917816162e-01;9.116985321044921875e+00;-1.477933349609375000e+02;2.000000000000000000e+00
4.658492803573608398e-01;9.316985130310058594e+00;-1.505183258056640625e+02;2.000000000000000000e+00
4.758492708206176758e-01;9.516984939575195312e+00;-1.531641693115234375e+02;2.000000000000000000e+00
4.858492612838745117e-01;9.716985702514648438e+00;-1.557302093505859375e+02;2.000000000000000000e+00
4.958492815494537354e-01;9.916985511779785156e+00;-1.582027282714843750e+02;2.000000000000000000e+00
5.058492422103881836e-01;1.011698532104492188e+01;-1.605859527587890625e+02;2.000000000000000000e+00
5.158492922782897949e-01;1.031698513031005859e+01;-1.628971099853515625e+02;2.000000000000000000e+00
5.258492827415466309e-01;1.051698493957519531e+01;-1.651425933837890625e+02;2.000000000000000000e+00
5.358492732048034668e-01;1.071698570251464844e+01;-1.673302764892578125e+02;2.000000000000000000e+00
5.458492636680603027e-01;1.091698551177978516e+01;-1.694338531494140625e+02;2.000000000000000000e+00
5.558492541313171387e-01;1.111698532104492188e+01;-1.714442291259765625e+02;2.000000000000000000e+00
5.658492445945739746e-01;1.131698513031005859e+01;-1.733894500732421875e+02;2.000000000000000000e+00
5.758492946624755859e-01;1.151698493957519531e+01;-1.752547760009765625e+02;2.000000000000000000e+00
5.858492851257324219e-01;1.171698570251464844e+01;-1.770605773925781250e+02;2.000000000000000000e+00
5.958492755889892578e-01;1.191698551177978516e+01;-1.787402191162109375e+02;2.000000000000000000e+00
6.058492660522460938e-01;1.211698532104492188e+01;-1.803339080810546875e+02;2.000000000000000000e+00
6.158492565155029297e-01;1.231698513031005859e+01;-1.818670501708984375e+02;2.000000000000000000e+00
6.258492469787597656e-01;1.251698493957519531e+01;-1.833408813476562500e+02;2.000000000000000000e+00
6.358492970466613770e-01;1.271698570251464844e+01;-1.847971801757812500e+02;2.000000000000000000e+00
6.458492875099182129e-01;1.291698551177978516e+01;-1.861877288818359375e+02;2.000000000000000000e+00
6.558492779731750488e-01;1.311698532104492188e+01;-1.875117492675781250e+02;2.000000000000000000e+00
6.658492684364318848e-01;1.331698513031005859e+01;-1.888399505615234375e+02;2.000000000000000000e+00
6.758492588996887207e-01;1.351698493957519531e+01;-1.901150665283203125e+02;2.000000000000000000e+00
6.858492493629455566e-01;1.371698570251464844e+01;-1.913375091552734375e+02;2.000000000000000000e+00
6.958492398262023926e-01;1.391698551177978516e+01;-1.925105590820312500e+02;2.000000000000000000e+00
7.058492898941040039e-01;1.411698532104492188e+01;-1.935600128173828125e+02;2.000000000000000000e+00
7.158492803573608398e-01;1.431698513031005859e+01;-1.944004974365234375e+02;2.000000000000000000e+00
7.183492779731750488e-01;1.436698532104492188e+01;-1.945867004394531250e+02;2.000000000000000000e+00
7.220992445945739746e-01;1.444198513031005859e+01;-1.948635101318359375e+02;2.000000000000000000e+00
7.277242541313171387e-01;1.455448532104492188e+01;-1.952434082031250000e+02;2.000000000000000000e+00
7.361617684364318848e-01;1.472323513031005859e+01;-1.957408142089843750e+02;2.000000000000000000e+00
7.461617588996887207e-01;1.492323493957519531e+01;-1.962069702148437500e+02;2.000000000000000000e+00
7.561617493629455566e-01;1.512323570251464844e+01;-1.963339996337890625e+02;2.000000000000000000e+00
7.661617398262023926e-01;1.532323551177978516e+01;-1.960736236572265625e+02;2.000000000000000000e+00
7.686617970466613770e-01;1.537323570251464844e+01;-1.959094543457031250e+02;2.000000000000000000e+00
7.724117636680603027e-01;1.544823551177978516e+01;-1.953935241699218750e+02;2.000000000000000000e+00
7.724556922912597656e-01;1.544911384582519531e+01;-1.953578643798828125e+02;2.000000000000000000e+00
7.725216150283813477e-01;1.545043277740478516e+01;-1.952564849853515625e+02;2.000000000000000000e+00
7.725463509559631348e-01;1.545092678070068359e+01;-1.949536285400390625e+02;2.000000000000000000e+00
7.725479006767272949e-01;1.545095825195312500e+01;-1.949272766113281250e+02;2.000000000000000000e+00
7.725494503974914551e-01;1.545098876953125000e+01;-1.948932800292968750e+02;2.000000000000000000e+00
7.725517749786376953e-01;1.545103549957275391e+01;-1.948153839111328125e+02;2.000000000000000000e+00
7.725526094436645508e-01;1.545105266571044922e+01;-1.947817687988281250e+02;2.000000000000000000e+00
7.725539207458496094e-01;1.545107841491699219e+01;-1.947191467285156250e+02;2.000000000000000000e+00
7.725558876991271973e-01;1.545111751556396484e+01;-1.945867767333984375e+02;2.000000000000000000e+00
7.725566029548645020e-01;1.545113277435302734e+01;-1.945302429199218750e+02;2.000000000000000000e+00
7.725577354431152344e-01;1.545115470886230469e+01;-1.944068450927734375e+02;2.000000000000000000e+00
7.725593447685241699e-01;1.545118713378906250e+01;-1.940497283935546875e+02;2.000000000000000000e+00
7.725600004196166992e-01;1.545119953155517578e+01;-1.938838195800781250e+02;2.000000000000000000e+00
7.725608944892883301e-01;1.545121860504150391e+01;-1.934362792968750000e+02;2.000000000000000000e+00
7.725612521171569824e-01;1.545122528076171875e+01;-1.932191925048828125e+02;2.000000000000000000e+00
7.725617885589599609e-01;1.545123577117919922e+01;-1.926859741210937500e+02;2.000000000000000000e+00
7.725625634193420410e-01;1.545125102996826172e+01;-1.878610839843750000e+02;2.000000000000000000e+00
7.725637555122375488e-01;1.545127487182617188e+01;-1.690540161132812500e+02;2.000000000000000000e+00
7.725646495819091797e-01;1.545129203796386719e+01;-1.607129364013671875e+02;2.000000000000000000e+00
7.725654840469360352e-01;1.545131015777587891e+01;-1.570311584472656250e+02;2.000000000000000000e+00
7.725668549537658691e-01;1.545133686065673828e+01;-1.553417510986328125e+02;2.000000000000000000e+00
7.725688219070434570e-01;1.545137596130371094e+01;-1.548050689697265625e+02;2.000000000000000000e+00
7.725718021392822266e-01;1.545143604278564453e+01;-1.546780395507812500e+02;2.000000000000000000e+00
7.725762128829956055e-01;1.545152473449707031e+01;-1.546567077636718750e+02;2.000000000000000000e+00
7.725829482078552246e-01;1.545165824890136719e+01;-1.546539611816406250e+02;2.000000000000000000e+00
7.725929617881774902e-01;1.545185947418212891e+01;-1.546535186767578125e+02;2.000000000000000000e+00
7.726080417633056641e-01;1.545215988159179688e+01;-1.546533050537109375e+02;2.000000000000000000e+00
7.726305723190307617e-01;1.545261192321777344e+01;-1.546529541015625000e+02;2.000000000000000000e+00
7.726644277572631836e-01;1.545328903198242188e+01;-1.546525878906250000e+02;2.000000000000000000e+00
7.727152705192565918e-01;1.545430469512939453e+01;-1.546520385742187500e+02;2.000000000000000000e+00
7.727914452552795410e-01;1.545582866668701172e+01;-1.546513214111328125e+02;2.000000000000000000e+00
7.729057669639587402e-01;1.545811462402343750e+01;-1.546501312255859375e+02;2.000000000000000000e+00
7.730771899223327637e-01;1.546154403686523438e+01;-1.546484680175781250e+02;2.000000000000000000e+00
7.733343243598937988e-01;1.546668624877929688e+01;-1.546459655761718750e+02;2.000000000000000000e+00
7.737200856208801270e-01;1.547440147399902344e+01;-1.546423034667968750e+02;2.000000000000000000e+00
7.742986679077148438e-01;1.548597335815429688e+01;-1.546379547119140625e+02;2.000000000000000000e+00
7.751665711402893066e-01;1.550333213806152344e+01;-1.546385650634765625e+02;2.000000000000000000e+00
7.764684557914733887e-01;1.552936935424804688e+01;-1.546485900878906250e+02;2.000000000000000000e+00
7.784212231636047363e-01;1.556842517852783203e+01;-1.546746215820312500e+02;2.000000000000000000e+00
7.813504338264465332e-01;1.562700843811035156e+01;-1.547492218017578125e+02;2.000000000000000000e+00
7.857442498207092285e-01;1.571488475799560547e+01;-1.548950958251953125e+02;2.000000000000000000e+00
7.923349142074584961e-01;1.584669780731201172e+01;-1.551751403808593750e+02;2.000000000000000000e+00
7.948064208030700684e-01;1.589612865447998047e+01;-1.552550811767578125e+02;2.000000000000000000e+00
7.985136508941650391e-01;1.597027397155761719e+01;-1.554189453125000000e+02;2.000000000000000000e+00
7.999039292335510254e-01;1.599807834625244141e+01;-1.553328094482421875e+02;2.000000000000000000e+00
8.004252314567565918e-01;1.600850486755371094e+01;-1.552270355224609375e+02;2.000000000000000000e+00
8.012072443962097168e-01;1.602414512634277344e+01;-1.548576660156250000e+02;2.000000000000000000e+00
8.015004992485046387e-01;1.603001022338867188e+01;-1.546969451904296875e+02;2.000000000000000000e+00
8.016104698181152344e-01;1.603220939636230469e+01;-1.544466857910156250e+02;2.000000000000000000e+00
8.016517162322998047e-01;1.603303337097167969e+01;-1.543589477539062500e+02;2.000000000000000000e+00
8.017135262489318848e-01;1.603427124023437500e+01;-1.193908920288085938e+02;2.000000000000000000e+00
8.017367720603942871e-01;1.603473472595214844e+01;-1.181169662475585938e+02;2.000000000000000000e+00
8.017599582672119141e-01;1.603519821166992188e+01;-1.180669479370117188e+02;2.000000000000000000e+00
8.017831444740295410e-01;1.603566360473632812e+01;-1.180515060424804688e+02;2.000000000000000000e+00
8.018179535865783691e-01;1.603635787963867188e+01;-1.180298995971679688e+02;2.000000000000000000e+00
8.018701076507568359e-01;1.603740310668945312e+01;-1.179966888427734375e+02;2.000000000000000000e+00
8.019484281539916992e-01;1.603896903991699219e+01;-1.179447326660156250e+02;2.000000000000000000e+00
8.020658493041992188e-01;1.604131698608398438e+01;-1.178667144775390625e+02;2.000000000000000000e+00
8.022419810295104980e-01;1.604483985900878906e+01;-1.177496261596679688e+02;2.000000000000000000e+00
8.025062084197998047e-01;1.605012512207031250e+01;-1.175747528076171875e+02;2.000000000000000000e+00
8.029025793075561523e-01;1.605805015563964844e+01;-1.173403549194335938e+02;2.000000000000000000e+00
8.034970760345458984e-01;1.606994056701660156e+01;-1.169891815185546875e+02;2.000000000000000000e+00
8.043888211250305176e-01;1.608777618408203125e+01;-1.165568237304687500e+02;2.000000000000000000e+00
8.057264089584350586e-01;1.611452865600585938e+01;-1.161221160888671875e+02;2.000000000000000000e+00
8.077328801155090332e-01;1.615465736389160156e+01;-1.155321655273437500e+02;2.000000000000000000e+00
8.107425570487976074e-01;1.621485137939453125e+01;-1.146466293334960938e+02;2.000000000000000000e+00
8.152570724487304688e-01;1.630514144897460938e+01;-1.133256607055664062e+02;2.000000000000000000e+00
8.220288157463073730e-01;1.644057655334472656e+01;-1.113733062744140625e+02;2.000000000000000000e+00
8.320288062095642090e-01;1.664057540893554688e+01;-1.085613784790039062e+02;2.000000000000000000e+00
8.420287966728210449e-01;1.684057617187500000e+01;-1.080608367919921875e+02;2.000000000000000000e+00
8.520287871360778809e-01;1.704057502746582031e+01;-1.091028366088867188e+02;2.000000000000000000e+00
8.620287775993347168e-01;1.724057579040527344e+01;-1.088663330078125000e+02;2.000000000000000000e+00
8.720287680625915527e-01;1.744057655334472656e+01;-1.086073150634765625e+02;2.000000000000000000e+00
8.820288181304931641e-01;1.764057540893554688e+01;-1.083419876098632812e+02;2.000000000000000000e+00
8.920288085937500000e-01;1.784057617187500000e+01;-1.079797286987304688e+02;2.000000000000000000e+00
9.020287990570068359e-01;1.804057502746582031e+01;-1.057424163818359375e+02;2.000000000000000000e+00
9.120287895202636719e-01;1.824057579040527344e+01;-1.022327957153320312e+02;2.000000000000000000e+00
9.220287799835205078e-01;1.844057655334472656e+01;-1.005933761596679688e+02;2.000000000000000000e+00
9.320287704467773438e-01;1.864057540893554688e+01;-9.903859710693359375e+01;2.000000000000000000e+00
9.420288205146789551e-01;1.884057617187500000e+01;-9.747825622558593750e+01;2.000000000000000000e+00
9.520288109779357910e-01;1.904057502746582031e+01;-9.591261291503906250e+01;2.000000000000000000e+00
9.620288014411926270e-01;1.924057579040527344e+01;-9.434777069091796875e+01;2.000000000000000000e+00
9.720287919044494629e-01;1.944057655334472656e+01;-9.311429595947265625e+01;2.000000000000000000e+00
9.820287823677062988e-01;1.964057540893554688e+01;-9.289492797851562500e+01;2.000000000000000000e+00
9.920287728309631348e-01;1.984057617187500000e+01;-9.358333587646484375e+01;2.000000000000000000e+00
1.000000000000000000e+00;2.000000000000000000e+01;-9.437532806396484375e+01;2.000000000000000000e+00
